NASA,1
Jupiter,1
Mars,1
Comet,1
Moon,1
Saturn,1
Rosetta (spacecraft),1
Astronaut,1
Planet,1
Pluto,1
Space station,1
Europa (moon),1
Asteroid,1
Earth,1
Solar System,1
Space probe,1
Astronomy,1
International Space Station,1
Hubble Space Telescope,1
Astrological sign,1
Sun,1
Extraterrestrial life,1
Spacecraft,1
Star,1
Zodiac,1
67P/Churyumov–Gerasimenko,1
Cosmos,1
Ocean,1
Outer space,1
Rover (space exploration),1
Tropical cyclone,1
SpaceX,1
Uranus,1
Universe,1
Mercury (planet),1
Elon Musk,1
Virgo (astrology),1
Geocentric model,1
Space exploration,1
Longitude,1
Orbit,1
Rocket,1
Sagittarius (constellation),1
China,1
Spitzer Space Telescope,1
Neptune,1
United States,1
Virgo (constellation),1
Dione (moon),1
Titan (moon),1
European Space Agency,1
Space observatory,1
Astrology,1
Sky,1
Telescope,1
Galaxy,1
Orion (spacecraft),1
Splashdown,1
Natural satellite,1
Cassini–Huygens,1
Colonization of Mars,1
Juno (spacecraft),1
Scientist,1
Extraterrestrial liquid water,1
Robot,1
Curiosity (rover),1
NASA TV,1
Nibiru cataclysm,1
Sagittarius (astrology),1
Venus,1
Space Race,1
Photograph,1
Project Gemini,1
James Webb Space Telescope,1
Human mission to Mars,1
Unidentified flying object,1
Italy,1
Solar analog,1
Black hole,1
Spaceflight,1
Russia,1
Enceladus,1
Pisces (astrology),1
Satellite,1
Magnetosphere,1
Autonomous car,1
Astrobiology,1
Life on Mars,1
Exploration of Mars,1
NASA Astronaut Corps,1
Mars Pathfinder,1
Alliant Techsystems,1
Plate tectonics,1
Ellipsis,1
Horoscope,1
New Horizons,1
B612 Foundation,1
Opportunity (rover),1
Apsis,1
Rings of Saturn,1
